{"cameraMode":{"drawMode":0,"name":"Shaded","section":"Shading Mode"},"sceneLighting":false,"audioPlay":false,"sceneViewState":{"showFog":true,"showMaterialUpdate":false,"showSkybox":false,"showFlares":true,"showImageEffects":true,"showParticleSystems":true},"in2DMode":false,"pivot":{"x":0.38231608271598818,"y":-0.3942074775695801,"z":-0.22280725836753846},"rotation":{"x":-0.027567388489842416,"y":0.8852730393409729,"z":-0.4612317681312561,"w":-0.052912745624780658},"size":2.9334521293640138,"orthographic":false}