{"cameraMode":{"drawMode":0,"name":"Shaded","section":"Shading Mode"},"sceneLighting":false,"audioPlay":false,"sceneViewState":{"showFog":true,"showMaterialUpdate":false,"showSkybox":false,"showFlares":true,"showImageEffects":true,"showParticleSystems":true},"in2DMode":false,"pivot":{"x":16.590713500976564,"y":-0.17379212379455567,"z":8.742897033691407},"rotation":{"x":-0.22069962322711945,"y":0.5164943337440491,"z":-0.13978488743305207,"w":-0.815467119216919},"size":2.3334522247314455,"orthographic":false}