{"cameraMode":{"drawMode":0,"name":"Shaded","section":"Shading Mode"},"sceneLighting":false,"audioPlay":false,"sceneViewState":{"showFog":true,"showMaterialUpdate":false,"showSkybox":false,"showFlares":true,"showImageEffects":true,"showParticleSystems":true},"in2DMode":false,"pivot":{"x":-0.4631977081298828,"y":-0.6155639886856079,"z":0.25676071643829348},"rotation":{"x":-0.5833088755607605,"y":0.0053579541854560379,"z":-0.0038490735460072757,"w":-0.8122267127037048},"size":3.233452081680298,"orthographic":false}