{"cameraMode":{"drawMode":0,"name":"Shaded","section":"Shading Mode"},"sceneLighting":false,"audioPlay":false,"sceneViewState":{"showFog":true,"showMaterialUpdate":false,"showSkybox":false,"showFlares":true,"showImageEffects":true,"showParticleSystems":true},"in2DMode":false,"pivot":{"x":476.72503662109377,"y":252.41880798339845,"z":0.10649949312210083},"rotation":{"x":-0.533208429813385,"y":0.1435936540365219,"z":-0.09240550547838211,"w":-0.8285756707191467},"size":2.1249725818634035,"orthographic":false}